{
    "dji fc6360 1600 1300 brown 1.1111": {
        "projection_type": "brown",
        "width": 1600,
        "height": 1300,
        "focal_x": 1.0901261652432879,
        "focal_y": 1.0901261652432879,
        "c_x": -0.019686607158098304,
        "c_y": -0.005639819147221716,
        "k1": -0.05698616369983871,
        "k2": -0.012123300788470754,
        "p1": -0.0037698529250287114,
        "p2": -0.01918566855414241,
        "k3": -0.0028504765836524035
    }
}